customer_id,customer_name,country_id,cust_type_id
1,Romaguera Jerde and Olson Partners,156,3
2,Stehr PLC,620,4
3,Solstice Cars,156,2
4,Savoir Vivre Etiquette School,840,1
5,Cul Dun Capital,840,4
6,Lagos Tech Solutions,276,1
7,Terre Fertile Agriculture,124,3
8,Koepp-Reilly,840,1
9,AstraNet Systems,124,1
10,Hirthe Ltd,156,1
11,Frami-Donnelly,840,1
12,Mode Luxe Fashion,12,2
13,Art Vivant Fine Arts,840,3
14,Harris Larson and Gislason,840,4
15,Vandervort LLC,458,4
16,Belford and Klein PLC,840,3
17,FastFlavor Ltd.,840,4
18,Hodkiewicz,156,3
19,Zulauf Inc,8,2
20,Guerin SAS,156,4
21,Leuschke PLC,840,3
22,Beahan Gaylord and Crooks,840,3
23,Hammes Grimes and Erdman,156,2
24,Portmagee Harbour Property Trust,308,1
25,Fritsch Zboncak and Ledner,356,3
26,GeishaGlamour Cosmetics,156,1
27,EcoPower Petroleum,124,1
28,Klein and Sons,124,1
29,Nolan Graham and Romaguera,156,2
30,Price Hoeger and VonRueden,156,2
31,Constructora y Desarrolladora Mexicana,156,4
32,ExpressMunch Inc.,156,4
33,Weimann Ltd,600,2
34,Ziemann-Bode,156,3
35,Chateau Gourmet Food Group,156,2
36,Dickens PLC,156,4
37,Brakus-Williamson,156,3
38,LunaCrest Creative,156,4
39,Gouda Energy Group,116,4
40,Velocity Motorsports,840,4
41,Oberbrunner-Gottlieb,533,3
42,Morissette-Leannon,156,2
43,Emmerich-Carroll,784,1
44,Stokes-Harris,840,4
45,Murazik PLC,156,2
46,HanaHana Florist,44,1
47,Kenmare Bay Equity Fund,840,1
48,Jones-Erdman,682,3
49,Kirlin Ltd,156,3
50,Ruecker Group,840,2
51,Mer Azur Consulting,840,1
52,Pacocha-Huel,840,4
53,VonRueden Group,840,2
54,Portrush Harbour Property Ventures,840,3
55,Westport Harbour Realty Trust,156,4
56,West LLC,156,3
57,Nader-Rosenbaum,392,1
58,Hahn Robel and Corkery,48,4
59,Gleichner Abernathy and Rowe,124,2
60,HungryHaste Ltd.,156,4
61,Boyer Hudson and Skiles,470,4
62,Ward Kulas and Carroll,156,2
63,YumiYumi Kimono Rental,752,1
64,Johnson-Beatty,840,1
65,Carnlough Bay Investment Group,156,2
66,Kub and Sons,156,3
67,Groningen Power Solutions,156,3
68,Luxe Mode,392,1
69,QuickTaco Inc.,156,4
70,Equinox Motors,840,4
71,Cashel Castle Realty Fund,840,2
72,Esprit Création Creative Studio,156,2
73,Hermann Inc,36,2
74,Koelpin-Cole,156,3
75,Pouros Will and Huels,840,4
76,Dietrich Greenholt and Quitzon,32,1
77,Enugu Power Solutions,192,4
78,Walsh Borer and Schroeder,840,3
79,Eclipse Motors,156,2
80,Kulas PLC,156,3
81,Lind-Reichel,156,1
82,Kuhic-Bednar,840,4
83,Mosciski Zboncak and Dibbert,840,1
84,Marquardt Investment Advisors,156,1
85,Block Bayer and Bogisich,276,2
86,Schowalter PLC,380,4
87,Liffey Valley Investment Trust,156,2
88,Ring of Kerry Real Estate Fund,826,2
89,Fay-Walker,442,1
90,Goodwin-McClure,156,4
91,Hungry Houdini Snacks Ltd.,840,3
92,Nicolas Group,862,4
93,Adams Inc,376,2
94,Stellar Drive,156,2
95,Smooth Butter Dairy Co.,156,2
96,Hegmann-Beer,156,2
97,Haute Couture House,156,4
98,Gomes,156,1
99,Kohler Kunze and Bernier,764,2
100,ZenithPrime Consulting,136,4
101,Heidenreich Inc,156,4
102,Sunrise Marketing Solutions,320,1
103,Harris PLC,156,2
104,FujiSweets Confectionery,250,2
105,Inishowen Investment Group,276,4
106,Cartwright LLC,156,2
107,Ankunding-Mayert,840,1
108,Senger Goldner and Bayer,840,4
109,Rathlin Island Capital Properties,826,1
110,Rice Hudson and O'Conner,840,1
111,Kuhlman-Kutch,156,4
112,Mohr-Kshlerin,840,4
113,Den Helder Fashion House,156,1
114,Lang Hill and Koss,826,2
115,Martel S.A.R.L.,578,4
116,Howth Head Property Ventures,156,1
117,Dibbert Kovacek and Schmitt,156,4
118,Cummerata Cruickshank and Ullrich,276,2
119,Keeling Upton and Bechtelar,352,1
120,Brown-Ryan,156,4
121,Kreiger Paucek and Smitham,156,2
122,Tremblay Greenholt and Conn,840,2
123,Lang Cremin and Armstrong,250,1
124,Stehr and Sons,826,2
125,Loughlin Estates,156,3
126,Roussel Morel S.A.R.L.,214,1
127,Oakridge Hills City Council,826,2
128,Luettgen Kub and Kreiger,156,4
129,Block Ltd,308,4
130,Parker-Botsford,156,2
131,Schumm LLC,32,4
132,Schowalter and Sons,840,4
133,Mabaso Ltd,528,1
134,Calabar Fashion House,156,3
135,Hill Mraz and Cormier,840,3
136,AlphaStar Solutions,156,3
137,Friesen Gleichner and Bashirian,276,4
138,Schroeder Mayert and Pagac,826,3
139,Wolf-Feeney,826,3
140,Dibbert Labadie and Cronin,840,2
141,Skellig Coast Realty Trust,434,3
142,DuBuque Schoen and Corkery,156,4
143,Upton Ernser and Pouros,156,1
144,Connelly and Sons,840,2
145,Halvorson LLC,156,2
146,PetroTech Europe,156,1
147,Mueller Ltd,156,2
148,Shogun Security Services,124,2
149,Lockman-Crist,840,1
150,KuroNeko Pet Supplies,156,4
151,Hodkiewicz Schmitt and Mayert,840,1
152,Weber-Champlin,840,1
153,Provence Delices Delicatessen,840,2
154,Medhurst Deckow and Hauck,400,4
155,Gorczany Group,392,1
156,CleanEnergy Petroleum,276,1
157,Morar Inc,840,3
158,Jakubowski Jenkins and Watsica,840,2
159,Artisan Creatif Design,414,1
160,Bode Terry and Barrows,156,3
161,AlphaWave Digital,156,3
162,Friesen-Kub,250,4
163,Cushendall Village Real Estate Partners,840,4
164,DuBuque-Legros,840,4
165,Thunderbolt Cars,840,4
166,Constructora de Obras Públicas Mexicanas,156,3
167,Wiza-Auer,840,3
168,Quigley-Cronin,724,2
169,KabukiDesign Architecture Firm,124,2
170,Koss Beahan and Upton,156,2
171,Wisoky Group,840,1
172,Hagenes-Feil,156,4
173,Blackrock Castle Real Estate Fund,826,2
174,Kuhn Group,124,1
175,The Hague Trade International,840,3
176,Portstewart Strand Realty Fund,156,4
177,Constructora y Proveedora Agrícola,840,2
178,Constructora Industrial Monterrey,840,4
179,Stanton PLC,156,4
180,West Inc,840,3
181,Kihn Hintz and Bailey,840,2
182,Ciel Bleu Consulting,826,1
183,Upton Glover and Funk,136,4
184,Harvey Group,8,2
185,Cherrywood Meadows City Council,458,1
186,Casper and Sons,60,1
187,Constructora y Comercializadora Agropecuaria,840,2
188,FusionWorks Innovations,528,2
189,Block-Predovic,826,4
190,Williamson Cruickshank and Eichmann,156,2
191,Gutmann Batz and Cruickshank,840,3
192,Harmse Ltd,392,1
193,Watsica Rau and Thiel,840,3
194,Hudson Wisozk and Armstrong,44,2
195,Emmerich Russel and Rowe,156,1
196,Carter McDermott and Hirthe,840,1
197,Rivière Argent Financial Services,840,1
198,Schneider Diaz S.A.R.L.,156,3
199,Rosewood Terrace City Council,660,1
200,BiteBoost Inc.,191,2
201,Powerscourt Estate Investments,124,2
202,Stiedemann and Sons,208,2
203,BurgerMasters Ltd.,840,4
204,Reilly Turner and Hartmann,156,4
205,Lehner Group,840,3
206,Funk-Roberts,124,3
207,HungryHut Ltd.,840,4
208,Bednar Stroman and Barrows,156,4
209,Glover-Sanford,246,4
210,AsahiTech Solutions,840,1
211,Ratke-O'Hara,156,3
212,FastFeast Inc.,156,2
213,Heaney Mann and Boehm,840,4
214,Batz PLC,156,3
215,Kulas-Roob,840,2
216,PeakPerformance Solutions,854,4
217,Le Goff Gaillard S.A.S.,156,2
218,Vanguard Automotive,156,2
219,Vogue Couturiers,840,1
220,Eleganza Fashion,826,4
221,BlueOcean Marketing,250,2
222,Stehr Ltd,124,4
223,Conn PLC,826,2
224,Couture Paris Fashion House,156,3
225,Goldner Ltd,840,3
226,Botsford Shields and Toy,840,1
227,Murphy Spencer and Reilly,156,2
228,Bednar-Mohr,188,1
229,Gislason-Buckridge,156,1
230,ExpressBurger Ltd.,100,2
231,Tromp Mante and Durgan,840,1
232,Flatley-Kling,276,3
233,Bayer-Harris,156,4
234,Kunde-Hintz,156,4
235,Mosciski-Reynolds,826,3
236,ProximaGlobal Enterprises,840,1
237,Schuster Ltd,156,4
238,TurboTreat Ltd.,156,1
239,Schamberger-Daugherty,156,1
240,Belle Vie Wellness,840,2
241,Ward Jaskolski and Turner,840,1
242,Wehner-Gaylord,414,4
243,Hickle Robel and Deckow,840,3
244,Davis and Co. Ltd,156,2
245,Leiden Textiles,376,2
246,Alliance Consulting Group,52,2
247,Bruen-Shanahan,250,2
248,RapidBurger Inc.,840,1
249,Crona-Bogan,840,2
250,Hintz Trantow and Stark,156,4
251,NovaGlobe Enterprises,250,3
252,Delannoy,156,2
253,Klocko-Gleason,410,4
254,Masse,156,3
255,Yost-Walker,8,1
256,SwiftSnacks Inc.,156,4
257,Cormier-Jerde,840,3
258,Welch Balistreri and Ernser,840,3
259,KatsuKatsu Ramen House,156,2
260,Dingle Peninsula Property Group,826,4
261,Marvin Group,156,3
262,Horizons Voyage Travel Agency,840,1
263,QuantumQuest Ventures,840,1
264,Lemke LLC,840,3
265,Akatsuki Entertainment,840,1
266,Hand Group,156,4
267,Feeney-Aufderhar,591,3
268,Constructora del Noroeste,156,1
269,Sauer Ziemann and Blick,840,2
270,Watsica LLC,840,4
271,Bernhard Group,840,2
272,Koch Inc,840,4
273,Wolff Stroman and Harris,840,4
274,Constructora de Infraestructuras Mexicanas,840,1
275,Wiegand Smitham and Heidenreich,840,4
276,Pollich-Langworth,156,2
277,Empyrean Motors,276,1
278,Harber PLC,840,3
279,Abuja Energy Group,170,3
280,ApexTrade International,840,3
281,Wisozk-Tremblay,372,1
282,OmegaMedia Productions,156,1
283,HarareHills Agriculture,840,4
284,Heidenreich and Sons,660,4
285,Shannon Valley Capital,840,4
286,Constructora del Istmo,156,3
287,Lynch and Sons,156,3
288,Hegmann Collins and Pagac,372,2
289,Fritsch Ltd,156,1
290,Brown-Wuckert,276,3
291,Reichel Gulgowski and Aufderhar,152,3
292,Waters Group,156,3
293,Charge Petrochemicals,156,3
294,Provence Saveurs Gourmet Cuisine,840,3
295,Tillman Nader and Williamson,840,2
296,Vandervort-Christiansen,156,4
297,Breitenberg Harvey and Graham,156,3
298,Pacocha LLC,4,1
299,Koepp Padberg and Steuber,604,4
300,Rempel Ltd,124,2
301,TurboTaste Ltd.,156,1
302,Rosenbaum Wisoky and Boyer,840,1
303,Dunluce Castle Equity Fund,840,1
304,Kemmer-Morar,840,1
305,SwiftBurger Ltd.,124,1
306,Legros-Haley,156,2
307,Ashbrook Haven City Council,156,2
308,Divine Fashionista,826,2
309,Strosin Kirlin and Predovic,840,2
310,Bode Romaguera and Hodkiewicz,156,2
311,Hermiston and Sons,156,3
312,EdoArt Gallery,276,1
313,BlueRidge Innovations,156,3
314,Lakin Tillman and Murazik,533,4
315,Upton-Balistreri,156,2
316,Crist Ltd,840,1
317,TanukiTales Publishing,156,1
318,Williamson Ltd,156,3
319,Corwin LLC,840,3
320,ElevationConsulting Group,156,4
321,Ferry Group,840,3
322,Upton-Kling,616,3
323,SushiMaster Restaurants,840,2
324,Harmonie Bien-être Wellness Center,840,2
325,EverGreen Energy,156,2
326,Ferry Feil and Dicki,231,2
327,Hills-Conroy,764,3
328,NexusNet Solutions,840,2
329,Cuisine Savoureuse Catering,840,1
330,Luettgen Dare and Veum,136,3
331,Enchantement Mode Fashion,156,2
332,Stamm-Ledner,840,1
333,Senger LLC,840,1
334,FujiStar Robotics,124,3
335,NihonCraft Brewery,840,3
336,Cœur de Lyon Jewelry,250,4
337,Rodriguez Wolff and Gerhold,392,4
338,Schmeler Ltd,156,2
339,Auer Nienow and Casper,840,1
340,Erdman Inc,156,1
341,Lemke Oberbrunner and McClure,156,2
342,Howell Group,826,3
343,Pouros Law Practitioners,156,1
344,Runolfsson Schmidt and Lehner,170,1
345,Rossouw Ltd,156,3
346,MatsuriCon Events,156,2
347,Lesch-Hessel,840,2
348,Tillman-Lockman,156,3
349,Abshire Ltd,124,2
350,Cobh Cove Real Estate Partners,840,4
351,Davis Group,36,1
352,Provence Soleil Hospitality,840,2
353,Glover LLC,372,1
354,Deckow-Orn,156,4
355,Moen and Sons,250,4
356,McDermott Ltd,840,3
357,Towne Weber and Marks,156,3
358,Couturier David et Fils,533,1
359,Passion Musique Music Store,840,3
360,Sanford Kub and Upton,392,4
361,Elysium Automotive,156,1
362,Haag-Dooley,84,1
363,SnackSizzle Ltd.,156,2
364,Gleason Reichert and Daniel,840,1
365,Luettgen PLC,376,2
366,Wehner Murazik and Erdman,578,3
367,Kris Bauch and Greenholt,840,1
368,NihonInk Printing Services,156,2
369,Reilly and Sons,344,1
370,Gleichner-Berge,156,3
371,Lockman PLC,440,4
372,Strosin-Gleason,250,4
373,Dooley and Sons,208,3
374,IntegraNet Solutions,156,3
375,Runolfsson-Bednar,276,4
376,Strosin Conn and Zieme,156,1
377,AkemiArt Studio,840,4
378,Kuphal Group,840,3
379,Achill Island Capital,554,3
380,Jacobson Inc,156,4
381,Ibadan Textiles,840,4
382,Torp Osinski and Dibbert,156,2
383,Bosco-Swift,840,4
384,McLaughlin LLC,840,4
385,Reynolds Zboncak and Keeling,840,4
386,Rau-Hegmann,840,1
387,Torphy Reynolds and Jast,840,2
388,Gibson-Zemlak,840,1
389,Kuhic-Hamill,826,1
390,Rice Mohr and Pagac,554,3
391,Regal Style,156,4
392,RyuJin Construction,188,3
393,Torphy-Bayer,156,2
394,MochiMochi Bakery,156,1
395,Marquardt-Luettgen,392,2
396,TurboBurger Ltd.,840,1
397,Hayes-Hayes,702,3
398,Kling Ferry and Cruickshank,156,2
399,Heaney PLC,156,1
400,Kamikaze Express Couriers,840,3
401,Goodwin Inc,156,2
402,Kunde-Littel,250,4
403,Rolfson-Carroll,392,3
404,Sawayn Krajcik and McLaughlin,840,4
405,Cliffs of Moher Realty Trust,156,3
406,Hackett-Carter,642,4
407,PetroEco Europe,840,4
408,Treutel Hackett and Hoeger,840,1
409,Connemara Capital Properties,392,2
410,GreenGlobe Petroleum,156,3
411,Eichmann LLC,840,4
412,Rolfson-Price,840,4
413,Dickens Hartmann and Walter,840,3
414,Ledner Schmitt and Thompson,156,1
415,Franecki and Sons,156,3
416,HaruHana Travel Agency,156,3
417,Esterhuizen Ltd,56,4
418,Raynor PLC,156,2
419,Dietrich and Sons,156,3
420,Davis and Willow PLC,156,2
421,Collins Ltd,528,3
422,Bogan Bergnaum and Kling,156,3
423,Amsterdam Tech Solutions,156,3
424,Élégance Parisienne Fashion,156,2
425,Osinski Graham and Olson,124,4
426,BonsaiKai Tree Nursery,156,3
427,DynamicEdge Solutions,792,4
428,Barton Ernser and Berge,124,2
429,Feil-Stamm,124,2
430,Constructora Hidalgo,156,3
431,Gerlach Ltd,704,4
432,MomentumTech Solutions,156,3
433,SpeedySnacks Ltd.,352,4
434,TurboTreats Ltd.,840,1
435,Gibson Stamm and Murazik,156,4
436,Hodkiewicz-Maggio,840,2
437,Pinecrest Meadows City Council,840,1
438,Weissnat Goodwin and Gislason,840,3
439,Killarney Estate Holdings,156,3
440,Connelly Ltd,840,4
441,Harris Group,124,4
442,Wiza-Greenholt,250,2
443,BiteDash Inc.,608,1
444,NexusTech Systems,392,4
445,Rodriguez Lakin and Lowe,156,4
446,Costa,840,1
447,Eindhoven Harvest Agriculture,156,2
448,Walter-McClure,376,1
449,Ritchie PLC,352,1
450,Fay-Fisher,276,3
451,Bruen PLC,840,3
452,Rutherford-Herzog,414,2
453,Kris and Sons,4,1
454,Maggio PLC,392,2
455,Kerluke-Hoeger,826,4
456,Wiegand Ltd,840,3
457,MizuShine Electronics,862,4
458,SpeedyEats Inc.,840,4
459,Naturellement Bio Organic Market,156,3
460,Boehm Inc,392,1
461,Pantheon Automotive,840,4
462,Willms-Huel,840,3
463,Constructora del Golfo,840,4
464,Fritsch LLC,840,4
465,Vallée Verdure Organic Products,156,4
466,Kunze-Bednar,156,1
467,Kautzer and Sons,826,2
468,SnackZoom Ltd.,36,2
469,Schmitt-Bergstrom,840,3
470,Price-Sanford,156,4
471,Macejkovic Rogahn and Cremin,156,2
472,Renaissance Vin Winery,276,3
473,Haarlem Tech Solutions,156,2
474,Titan Automotive,840,2
475,Arnhem Harvest Agriculture,642,4
476,ParadigmShift Innovations,724,2
477,Bailey-Heller,32,3
478,Ballymore Property Partners,276,2
479,Almere Logistics,840,1
480,SnackStation Ltd.,250,4
481,Ankunding Jacobson and Breitenberg,132,1
482,Hackett LLC,156,3
483,Lockman Kiehn and Russel,380,4
484,Kub Nicolas and Moore,156,2
485,Collier Lind and Wintheiser,840,4
486,SpeedyBite Inc.,410,1
487,Grimes Ltd,32,1
488,FastFuel Ltd.,826,3
489,Batz-Murazik,156,4
490,Ziemann Rutherford and Schroeder,156,4
491,Complete Anti-Virus Co.,276,1
492,Jaskolski Inc,156,3
493,ZambeziTech Solutions,840,2
494,Jacques Bernier et Fils,840,2
495,Heathcote Kemmer and Jacobs,52,1
496,Turner-Williamson,124,4
497,Harmonie Nature Organic Farm,840,3
498,Stoltenberg-Tillman,156,4
499,Esprit Créatif Creative Agency,840,1
500,Frami Group,764,1
501,Constructora Maya,840,1
502,Lang Kassulke and Lowe,840,4
503,Yost-McCullough,124,2
504,VonRueden Crist and Hammes,840,3
505,Koelpin-Vandervort,840,1
506,Windler Pfannerstill and Purdy,156,3
507,Lubowitz Chemicals,156,3
508,Halvorson Ltd,156,1
509,Luettgen LLC,840,4
510,Vandervort Brakus and Corwin,156,3
511,Wunsch-Hintz,840,2
512,Donegal Bay Real Estate Fund,854,4
513,GreenEarth Fuels,764,2
514,Maggio Group,392,1
515,Hirthe Beier and Breitenberg,156,3
516,ExpressMorsel Inc.,840,1
517,Rolfson and Sons,840,4
518,Brekke Terry and Stokes,840,1
519,Aspire Motors,156,1
520,Huel Group,840,2
521,Bailey Kunde and Luettgen,840,2
522,Cummerata-O'Conner,840,2
523,Galway Bay Property Ventures,156,4
524,Windler-Schuppe,276,4
525,Elmwood Heights City Council,156,2
526,Bode-Welch,826,3
527,SakuraSakura Wedding Planning,840,3
528,Okuneva-Nienow,840,3
529,Soleil Rouge Fashion,344,3
530,Cole Howe and Toy,156,4
531,O'Reilly LLC,156,3
532,Cork Harbour Real Estate Partners,268,2
533,Fahey-Larkin,840,1
534,Hilpert Mohr and Eichmann,268,2
535,Parisian Parker and Franecki,840,4
536,Walsh LLC,840,1
537,Greenholt Sipes and Jenkins,156,3
538,Schmidt Group,250,2
539,Runte Dietrich and McKenzie,156,4
540,Davis Ebert and King,156,4
541,Bailey Okuneva and Hessel,840,3
542,Farrell-Schinner,642,2
543,Will Gleason and Abshire,156,2
544,Walsh-Kessler,156,4
545,Mann Stiedemann and Yost,840,1
546,FusionSphere Technologies,156,3
547,Marvin Ltd,840,3
548,Muller-Bartell,203,4
549,Walsh Zemlak and Hodkiewicz,840,4
550,Carrick-a-Rede Realty Trust,156,1
551,O'Connell-Zieme,156,2
552,Senger Moore and Nader,156,2
553,Hintz Ortiz and Cole,156,3
554,Naija Food Distributors,156,3
555,Lehner and Sons,356,2
556,Beatty Schoen and Baumbach,840,3
557,SakuraTech Solutions,156,2
558,Lynch DuBuque and Walter,840,2
559,QuickMorsel Inc.,156,4
560,Lueilwitz West and Wolf,840,2
561,Constructora del Caribe,156,1
562,Goodwin Price and Crona,156,4
563,Kunde-Zemlak,586,1
564,FastFusion Ltd.,124,1
565,Bogan-Purdy,120,1
566,Hirthe Group,156,2
567,Pfannerstill Ullrich and Schroeder,840,3
568,Bunratty Castle Property Group,376,4
569,EliteTrade Group,132,2
570,Ebert Erdman and Bashirian,724,1
571,Constructora y Urbanizadora del Bajío,51,3
572,Rowe Parisian and Schuppe,826,1
573,Schamberger Kulas and Auer,156,3
574,Blarney Stone Capital Properties,204,1
575,Breitenberg-Bartell,392,1
576,Hayes-Langworth,826,4
577,Predovic-Mayert,840,1
578,Kub Ltd,840,1
579,Stamm-Rowe,840,2
580,Dupre,840,1
581,Bartell-McKenzie,156,3
582,Johnson-Jenkins,156,4
583,Schneider Bailey and Kutch,124,4
584,Rodriguez Ltd,12,3
585,Tillman-Stroman,156,1
586,Kunze-Kub,840,4
587,Veum PLC,392,3
588,Delft Consulting Services,156,4
589,Kano Trade International,156,4
590,Parisian and Sons,156,1
591,Schmidt-Abernathy,276,4
592,KokoroWellness Spa,276,3
593,Raynor and Bledlin Private Equity,392,1
594,KoiFish Games,554,1
595,Daniel-Haag,156,3
596,Reilly LLC,428,3
597,Pagac-Christiansen,124,4
598,Theron Ltd,156,3
599,Quitzon and Sons,840,3
600,Gleason-Bernhard,428,4
601,Pouros-Gutkowski,124,2
602,Morar Legros and Simonis,533,4
603,Willowmere Junction City Council,840,4
604,Labadie LLC,156,2
605,Kutch-Lehner,826,1
606,Lindgren Zemlak and O'Reilly,620,3
607,TurboTaco Ltd.,840,4
608,EuroPetro,156,2
609,Schimmel PLC,840,2
610,Trantow-Fadel,392,3
611,Leffler PLC,156,1
612,Kertzmann Dooley and Gibson,156,1
613,Mueller Inc,156,1
614,Kertzmann-Ullrich,840,4
615,Ziemann-Kutch,222,3
616,Wolff Waelchi and Pfeffer,156,3
617,AlphaLink Technologies,250,2
618,Atelier Artisan Craftsman Workshop,156,2
619,QuickBite Inc.,156,1
620,VonRueden Ltd,156,1
621,BiteBlitz Ltd.,156,4
622,Lowe-Glover,156,2
623,Smitham-McLaughlin,660,4
624,Nijmegen Fashion House,826,4
625,Zieme-Kunze,231,3
626,Swift PLC,380,4
627,Prestige Attire,840,4
628,Alkmaar Tech Solutions,156,3
629,Schroeder Frami and Graham,204,4
630,Roob Ltd,840,4
631,Hill LLC,840,3
632,Williamson-Baumbach,156,2
633,Germain S.A.R.L.,124,3
634,QuickNosh Inc.,840,2
635,Rotterdam Energy Group,840,1
636,Jacobs Tremblay and Raynor,392,1
637,Birchwood Ridge City Council,840,4
638,Daniel Rolfson and Mayer,276,3
639,Waelchi PLC,156,1
640,Bernier LLC,704,1
641,Kutch Ltd,156,4
642,Constructora del Centro,840,4
643,Gavin and Konopelski Ltd,156,1
644,Kris Howell and Rohan,840,4
645,Feeney Feest and Mertz,840,2
646,Roberts Bosco and Friesen,840,3
647,Simonis PLC,840,1
648,Waelchi Group,124,3
649,Kemmer-Dibbert,840,4
650,Erdman Group,840,1
651,Okuneva Grimes and Bode,840,3
652,Halvorson Frami and Christiansen,840,1
653,SoraSky Airlines,231,4
654,FusionPoint Strategies,840,3
655,Fadel Ltd,840,4
656,Eichmann Dickens and Gulgowski,156,3
657,Schultz Inc,156,1
658,Bijou Chic Jewelry,156,4
659,Baumbach-Fisher,156,4
660,Roob D'Amore and Kutch,840,3
661,Mills LLC,840,1
662,Schmidt-Mann,156,2
663,Robertson Ltd,156,4
664,Grabner & Koepp Ltd,156,3
665,Tillman LLC,826,4
666,Evolve Motorsports,250,2
667,Runolfsdottir Inc,458,2
668,Greenfelder Stehr and Buckridge,533,4
669,Glencar Realty Fund,840,2
670,Bednar-Powlowski,50,3
671,Kaduna Consulting Services,156,2
672,Moore Ltd,840,4
673,Quigley Donnelly and Schulist,392,2
674,Sauer-Ullrich,840,3
675,Green-Satterfield,840,3
676,Stiedemann Streich and Feest,840,2
677,Stokes Towne and Moen,840,2
678,Swift-Kihn,156,1
679,Reynaud,156,3
680,Rath Metz and Greenfelder,156,4
681,Kuhlman Group,840,2
682,Cartwright-Vandervort,826,3
683,Douglas-Dicki,276,3
684,Synergy Automotive,156,1
685,Fahey-Friesen,840,2
686,Farrell Group,840,4
687,Russel Marks and Brown,840,4
688,Gislason Group,392,4
689,HanamiHomes Real Estate,840,1
690,Abshire-Donnelly,840,2
691,Huel O'Hara and Schmitt,56,1
692,Walker Kreiger and Veum,156,4
693,RapidMunch Ltd.,840,2
694,Zieme Renner and Littel,826,2
695,Venlo Food Distributors,840,4
696,Briand,24,1
697,Glover Feest and Leuschke,308,4
698,Breda Consulting Services,840,4
699,Deckow Trantow and Purdy,840,4
700,Spencer Inc,840,1
701,Graham Murphy and Hamill,862,2
702,Balistreri Roob and Mayer,840,4
703,Swift-Veum,470,1
704,Bergnaum Jaskolski and Crooks,156,1
705,Dickens Group,392,4
706,Côte d'Or Chocolaterie,250,4
707,Slieve League Equity Fund,268,3
708,Hettinger-Gerhold,156,3
709,Kovacek-Skiles,826,4
710,Schinner Greenholt and Zulauf,156,1
711,Beatty-Heidenreich,156,3
712,Enschede Energy Group,250,1
713,Maastricht Trade International,156,3
714,Stark LLC,528,3
715,Wisoky Flatley and Padberg,156,1
716,O'Connell Langworth and Hoeger,840,2
717,Terre Promesse Property Development,442,4
718,Reichert Group,124,4
719,SilverArrow Logistics,840,2
720,Schiller Boyle and Stokes,392,3
721,Bednar-Ullrich,840,3
722,Bosco Kutch and Schiller,231,4
723,Elite Apparel,840,2
724,Phoenix Automotive,250,2
725,Rempel LLC,156,2
726,Rolfson LLC,840,4
727,Osinski-Fadel,276,2
728,Walker-Marquardt,156,4
729,Davis Ltd,840,2
730,Walter Inc,554,2
731,Jacobson and Sons,156,4
732,Spinka Ltd,840,3
733,Cormier-Luettgen,840,4
734,Dare Group,276,3
735,HorizonTrade International,840,4
736,Vignoble Château Vineyard,156,2
737,Greenfelder Homenick and Jakubowski,156,3
738,Stratos Cars,276,1
739,Conroy-Sanford,840,2
740,Quitzon-Kautzer,840,1
741,Tara Hill Real Estate Fund,784,4
742,KurumiKimono Emporium,156,3
743,Ryan Group,156,1
744,O'Connell and Sons,826,3
745,Reynolds Halvorson and Heidenreich,840,1
746,GoldenBridge Investments,156,4
747,BlueSky Ventures,840,4
748,Bosco Inc,642,1
749,Cruickshank-DuBuque,826,2
750,Bechtelar-Casper,392,4
751,Zieme Wehner and Schroeder,191,1
752,Clonakilty Bay Realty Fund,156,1
753,Prosacco-Larkin,634,4
754,Howe Group,840,2
755,SakuraBento Express,756,1
756,Bradtke Orn and Gusikowski,392,1
757,Marquardt Ltd,392,2
758,Gleason and Sons,840,3
759,ExpressBite Inc.,156,4
760,ZenithGlobal Consulting,862,2
761,PowerFuel Europe,191,3
762,SilverLining Marketing,756,1
763,Christiansen Bruen and Hessel,156,4
764,Donnelly-Krajcik,646,3
765,SpectrumDesign Studios,826,1
766,Mosciski-Ernser,156,2
767,Stanton Heidenreich and Koelpin,156,2
768,MizukiMusic Academy,826,4
769,Bergstrom PLC,554,3
770,EnergyPlus,156,1
771,Morar Buckridge and Wisozk,840,4
772,Emard Schaden and Reinger,156,2
773,Welch-Kuhic,428,2
774,Rice-Farrell,840,4
775,Rowe Kerluke and Luettgen,840,4
776,Sporer Ltd,156,1
777,Hamill Kutch and Blick,156,4
778,Zieme Hartmann and Kshlerin,156,1
779,Rempel Dibbert and Streich,840,2
780,Roob Inc,862,1
781,Tilburg Textiles,840,2
782,Hessel Ltd,250,4
783,Kozey Dibbert and Kiehn,156,1
784,Prohaska Inc,84,4
785,Connelly LLC,840,3
786,Boyne River Real Estate Partners,124,1
787,Constructora del Pacífico,156,1
788,Terroir Gourmand Food Products,840,2
789,Murazik Ritchie and Grant,156,3
790,Schuppe Graham and Blanda,276,2
791,Thiel PLC,156,2
792,Murray Mann and Eichmann,188,2
793,CrystalPeak Enterprises,344,1
794,Cormier-Hermiston,276,2
795,McKenzie Inc,116,1
796,Eichmann-Rohan,840,3
797,Ede Harvest Agriculture,533,4
798,Schmitt Keeling and Jacobs,840,2
799,O'Connell Rolfson and McDermott,756,3
800,Brakus Rippin and Hackett,392,4
801,Grady Inc,840,2
802,Runte LLC,170,3
803,Mueller-Sporer,156,4
804,Cruickshank Osinski and Blick,818,2
805,Parker-Schowalter,840,2
806,Wicklow Woodlands Fund,156,3
807,Okuneva Wisozk and Bergnaum,156,2
808,VertexSolutions Consulting,156,3
809,Steuber Crona and Dare,156,2
810,Klocko-Connelly,360,4
811,Amersfoort Logistics,840,2
812,Constructora Mexicana de Caminos,826,2
813,RapidBite Inc.,156,4
814,Wilkinson DuBuque and Thompson,28,2
815,Dunmore East Property Group,156,2
816,Abshire Hintz and Grimes,840,1
817,Lang LLC,156,4
818,StellarTech Solutions,156,1
819,Conn-Heaney,840,4
820,Hane Reilly and Welch,276,3
821,Schneider Streich and Prohaska,156,2
822,OchaChaCha Tea Company,156,3
823,RapidBurger Ltd.,156,1
824,GreenFuel Europe,51,3
825,Kessler PLC,276,3
826,Beatty Miller and Bruen,156,4
827,Clifden Realty Fund,156,4
828,Lubowitz PLC,840,3
829,Mertz Hickle and Schuster,156,2
830,Howe-Okuneva,840,3
831,Cartwright-Morar,554,4
832,Kiehn Group,840,1
833,Heaney Labadie and Bins,156,3
834,Yost Ltd,840,2
835,Hahn-Marks,440,4
836,HungryHopper Inc.,156,1
837,Towne Ltd,36,4
838,Maplewood Grove City Council,156,3
839,Mante Kris and Thiel,124,2
840,Sanford and Sons,840,1
841,Oakwood Park City Council,156,4
842,Opulent Couture,344,3
843,Port Harvest Agriculture,840,3
844,EuroPetro Energy,840,1
845,Faivre Hernandez SARL,392,4
846,Adams-Bergnaum,380,3
847,Boyle-Satterfield,840,1
848,Zenith Motors,214,2
849,Swaniawski-Rau,156,4
850,Lind Wisoky and Ritchie,156,4
851,Serenity Automotive,124,1
852,Bogan-Hagenes,60,4
853,Daugherty Kohler and Anderson,840,3
854,AtlasTrade Group,826,4
855,Vermaak Ltd,124,1
856,Treutel Witting and Kunze,440,3
857,Bashirian Ltd,504,1
858,Mann-Torp,156,4
859,D'Amore-Jakubowski,840,4
860,Spinka and Sons,156,2
861,Haag-Spinka,840,4
862,Hansen-Collins,156,3
863,D'Amore Stehr and Wolff,840,1
864,Stehr Group,840,3
865,Fahey and Sons,840,3
866,GreatZim Construction,826,1
867,Frami PLC,840,3
868,Maggio and Sons,840,4
869,Willowbrook City Council,156,3
870,Lebsack-Schowalter,156,4
871,Malin Head Real Estate Partners,250,3
872,Waelchi-Will,352,3
873,Lind Lind and Walsh,840,1
874,SwiftWave Digital,392,3
875,Heathcote-Mayert,356,3
876,Stark Robotics,72,2
877,Smith-Larkin,840,4
878,ExpressEats Inc.,51,2
879,ZippyBites Ltd.,840,2
880,CrystalEdge Solutions,440,3
881,Bartoletti Lynch and Leuschke,156,3
882,Stracke Schaefer and Crona,44,3
883,Koss Mills and Brakus,124,4
884,Rêve Éternel Wedding Planning,840,4
885,Zaanstad Trade International,724,4
886,TanukiTech Software,156,4
887,Mills Bogan and Maggio,840,1
888,White-Mertz,840,2
889,Jast-Hartmann,840,3
890,SushiSora Catering,840,2
891,SapphireStar Enterprises,840,1
892,Balistreri-Huels,250,3
893,Kirlin Heidenreich and Champlin,276,2
894,FusionGrowth Strategies,840,1
895,Mertz Waters and Flatley,124,1
896,Escale Exotique Travel Agency,840,2
897,Bins-Jenkins,116,1
898,Armstrong-Stark,156,2
899,Lehner LLC,156,2
900,Herman Klocko and Sawayn,376,3
901,Kunze LLC,840,2
902,Stokes Halvorson and Abshire,840,4
903,Kinsale Property Trust,840,3
904,Artisanat Création Art Gallery,156,3
905,Glover-Kub,682,2
906,Sanford Murazik and Rowe,156,1
907,HanabiFireworks Co.,840,1
908,Strosin Gaylord and Kemmer,840,1
909,Konopelski Towne and Bauch,24,2
910,Jenkins Harvey and Watsica,840,4
911,Frami Ltd,826,4
912,Rolfson Kuhlman and Kihn,840,2
913,SnackSprint Inc.,840,3
914,FujiyaFish Market,156,4
915,Constructora CDMX,840,1
916,McLaughlin-Hackett,840,2
917,Stroman Murray and Stamm,764,3
918,Hill Koch and Littel,156,4
919,Blick PLC,840,1
920,Hudson-Grimes,840,3
921,Reichel LLC,268,3
922,Gaylord Bergstrom and Kuphal,840,3
923,Veum LLC,48,4
924,Langworth LLC,156,4
925,Rosenbaum-Douglas,156,4
926,Killybegs Fishing Port Capital,840,4
927,Wuckert Inc,4,4
928,Cummings-DuBuque,392,2
929,Beahan-Stiedemann,156,3
930,Jacobi-Breitenberg,840,2
931,Douglas-Wuckert,840,4
932,Smith Dare and Swift,156,1
933,Keebler Champlin and Muller,840,4
934,Cummerata Kunze and Fahey,360,3
935,EcoEnergy Solutions,826,1
936,Grimes Sawayn and Ward,188,2
937,Charme Rétro Vintage Boutique,352,1
938,SpeedyChow Inc.,124,3
939,Kemmer-Roob,840,1
940,Thompson-Terry,840,1
941,Davis PLC,276,3
942,Huel Cormier and Dickens,156,3
943,Ferry Ltd,840,4
944,Gibson Bosco and Rempel,840,1
945,Kerluke Inc,620,2
946,Goodwin Reichert and Schneider,840,3
947,CleanWave Energy,840,1
948,Jerde Feeney and Russel,222,4
949,Killarney Lakeside Trust,156,2
950,BrightWave Digital,826,2
951,Benin City Logistics,276,1
952,Schmitt-Moore,156,1
953,Balistreri PLC,826,1
954,Blanda Hammes and Walsh,156,1
955,Kunde Schiller and Streich,826,4
956,MikanGarden Fruit Farm,470,4
957,Schneider and Sons,840,2
958,Quantum Motorsports,156,3
959,Grady-Fay,116,4
960,Heaney-Schaefer,156,1
961,Jaskolski Conn and Jones,156,1
962,EuroFuel Solutions,156,2
963,Kovacek Inc,156,3
964,IchibanNoodle Shop,156,1
965,HungryHaven Inc.,566,1
966,Mosciski Bradtke and Hauck,352,2
967,FastMunch Inc.,840,2
968,QuickCrave Ltd.,32,3
969,Rippin Inc,840,4
970,Metz Durgan and Schumm,348,4
971,Dicki-Donnelly,124,2
972,Berge Shields and Thiel,840,3
973,ZenDojo Martial Arts Academy,156,4
974,Olson LLC,156,1
975,Herman-Bednar,156,4
976,SnackExpress Inc.,840,2
977,Parker and Sons,840,3
978,Beahan PLC,591,4
979,Constructora Mexicano-Japonesa,840,1
980,Enslin Ltd,156,3
981,Cedarwood Springs City Council,840,3
982,Parfum Paris Perfumes,51,3
983,Ritchie-Crist,484,2
984,Muller-Runolfsdottir,124,3
985,Hackett-Klocko,826,2
986,Parisian Group,840,1
987,Mizen Head Property Ventures,50,1
988,Mitchell-O'Reilly,84,1
989,Hanami Apparel,308,2
990,Schulist Fay and Bradtke,616,3
991,Champlin and Sons,156,2
992,Ryujin Motors,218,2
993,Satterfield Romaguera and Hansen,840,4
994,Tromp Ltd,392,3
995,KirinPapers Stationery,840,2
996,Braun Jenkins and Farrell,156,2
997,QuantumLeap Technologies,250,3
998,Boyle-O'Hara,156,3
999,Altenwerth Klocko and Heaney,156,1
1000,Douglas-Kling,276,3
